1627	Paris is the most beautiful city in the world.	2600895	Parĩ niko upe táva iporãvéva opa yvórape.
1724	It would be so cool if I could speak ten languages!	1671442	Iporaitereiva'era añe'eramo pa ñe'eme.
1848	This baby penguin is too cute!	2601553	Ko yperana mitã iporã itereiva!
2299	Japan is full of beautiful cities. Kyoto and Nara, for instance.	2600899	Hapõ oreko heta táva porã. Kioto ha Nara, techaukarã.
2387	You can't get lost in big cities; there are maps everywhere!	2600902	Nde ndeikatui rekañy táva guasúpe; oĩ yvyra'anga opa rendáre!
2435	Florence is the most beautiful city in Italy.	2600904	Florensia ha'e táva iporãvéva Itáliape.
16985	How many schools are there in your city?	2600906	Mboy mbo'ehao oĩ nde távape?
18182	I saw a flock of birds flying aloft.	2609847	Ahecha kuri umi guyra aty oveveva.
18333	Birds were singing in the sky.	2609858	Guyrakuéra oñe'ẽ va'ekue yvágape.
18496	Kanazawa is a quiet city.	2600908	Kanasagua ha'e táva py'aguapy.
19251	A republic is a nation whose head is not a king or queen, but a president.	2601010	Peteĩ tavakuairetã ha'e peteĩ tetã isambyhyhára ndaha'éi peteĩ mburuvicha guasu térã peteĩ mburuvicha guasu kuña, isambyhyhára ha'e peteĩ tendota.
25505	I'm living in the city.	2600922	Aiko távape.
25599	Is Okayama a big city?	2600926	Okaiama piko peteĩ táva guasu?
26156	The English poet Percy Shelley went so far as to call hell a city much like London.	2600933	Ñe'ẽpapara Ingyaterra pegua Percy Shelley oho pahaitegua omboheravo añaretã peteĩ táva hi'anteite Londye rehe.
30305	Hello, Meg, how have you been?	2601454	Maitei, Meg, mba'eichapa reko?
30307	Hello, John! How are you?	2601455	Maitei, John! Mba'eichapa reko?
30314	Hello, Tom. Good morning.	2601456	Maitei, Tom. Mba'eichapa ne ko'ẽ?
30968	Hello. This is Joe Carlton. May I speak to Michael?	2601473	Maitei. Che réra Joe Carlton. Ikatu añe'ẽ Michael ndie?
30969	Hello. This is Ogawa speaking.	2601485	Maitei. Ogawa oñe'ẽva.
30969	Hello. This is Ogawa speaking.	2601486	Maitei. Ápe Ogawa oñe'ẽva.
30973	Hello, I'm Tomoko Sato from Japan.	2601491	Maitei, Che ha'e Tomoko Sato Hapõ pegua.
30975	Hello. Is this the Gotos' residence?	2601492	Maitei. Kóva piko Goto róga?
30979	Hello, is Mr Freeman in?	2601494	Maitei, oĩpa Karai Freeman?
34222	The capital of Brazil is Brasilia.	2600938	Brasil itavusu ha'e Brasilia.
39262	The television doesn't work.	2220803	Ta'ãngambyry ndokói.
42321	It had the head of a woman, the body of a lion, the wings of a bird, and the tail of a serpent.	2601011	Oguerekókuri kuña akã, leõ hete, guyra pepo, ha mbói huguái.
46335	The boy was naked to the waist.	2610660	Mitã ikamisa'ỹ ipyti'áre.
57861	There are a lot of people and cars in this city. It is a busy city.	2600885	Oĩ heta ava ha mba'yrumýi ko távape. Ko táva omba'apovéva.
240009	You may as well call a cat a small tiger as call a tiger a big cat.	2601012	Nde ikatu rehenói peteĩ mbarakaja "jaguarete michĩ" ha peteĩ jaguarete "mbarakaja guasu".
246192	All the citizens of the city have access to the city library.	2600886	Opa tavaygua ikatu oike táva arandukarendápe.
246196	The city hall is located at the center of the city.	2600887	Tavao oĩ táva mbytépe.
246197	The city hall is in the center of the city.	2600887	Tavao oĩ táva mbytépe.
275697	The population of Osaka City is larger than that of Kyoto City.	2600889	Táva Osaka oguerekove tavayguakuéra Táva Kioto-gui.
280253	In order to catch animals, they used the bola.	2225471	Oipuru "voleadóra" Ojapi haguã mymbakuéra
405530	May I use your pencil?	2613034	Ikatúpa aipuru nde haiha?
405571	I have something that I want to say to you.	2613223	Añe'ẽse va'erã ndéve.
438995	Barcelona is the capital city of Catalonia and the second largest city in Spain.	2600890	Barcelona ha'e Kataluña itavusu ha táva tuichave mokõiha Epañape.
477214	Paraguay is a country in South America.	1671457	Paraguay ha'e petei "sudamerica" gua teta.
485186	The birds' home is in the forest, the fish's home is in the river, the bees' home is in the flowers, and the little children's is in China. We love our motherland from the time we're little, as the birds love the forest, the fish love the river, and the bees love the flowers.	2609832	Guyra renda ha'e ka'aguy, pira renda ha'e yguasu, eiru renda ha'e yvotykuéra, ha mitã'i renda ha'e tetã China. Ñande jahayhu ñande sy retã ñande mitã reko pegua, guyraicha ohayhu ika'aguy, piraicha ohayhu yguasu, ha eiruicha ohayhu yvotykuéra.
618101	Eureka!	2610626	Ajuhúma!
729146	"ẽ" is a letter in the Guarani alphabet.	2600934	"ẽ" ha'e peteĩ tai Avañe'ẽ achegety pegua.
1012692	What are you doing tomorrow?	1671472	Mba'épa rejapótako'êrõ?
1058925	Glorify the ocean, but stay on the ground.	2613242	Emoguasu para, hakatu epytake yvy ápe rupi.
1110385	Juan is from Paraguay. He is Paraguayan.	2600935	Huã ou Paraguáigui. Ha'e Paraguaigua.
1110390	Ana is from Paraguay. She is Paraguayan.	2600937	Ana ou Paraguáigui. Ha'e Paraguaigua.
1134064	My home is your home.	1671439	Che roga nde roga.
1174749	She shaved her armpits.	2609617	Ohague'o ijyvaguy.
1225236	I'm a good guy.	2613245	Che ha'e ava marangatu.
1384569	He doesn't show his feelings.	2613383	Ndohechauka hembiandukuéra.
1406501	A penguin is a bird that cannot fly.	2601554	Yperana ha'e guyra ndovevekuaáiva.
1671448	We should make sopa paraguaya.	1671452	Jajapóta sopa paraguái.
1671483	I'll give it to you for 15,000 guaranies. Would you like anything else?	1671487	Ame'êta ndéve quince mil guaraníre. Ha upéi, mbae'pareipotave?
1673331	That's all right. I understand you. You speak very well.	1673328	Ndaipóri problema. Reñe'ê porãitereíma.
1673337	Keep going straight through the village.	1673336	Reguata va'erãko táva rupi ipahápeve.
1673341	I will get up before the day is breaking.	1673340	Apáyta ko'êmbamboyve.
1673343	At the next intersection, take a right.	1673342	Reguahêrõ tape juasápe tereho akatúva ngotyo.
1673345	It starts around 8:30.	1673344	Oñepyrû la ochoimédia rupi.
1815439	Paraguay is called "Paraguái" in Guarani.	2600936	"Paraguay" avañe'ẽme oje'e Paraguái.
2012950	I don't want you to go back.	2613384	Che ndaipota nde reju jey.
2047637	Just be careful with that.	2610614	Eñangarekónte upévare.
2703247	Do penguins live in the Arctic?	2601555	Oikópa yperana Áytikope?
2703247	Do penguins live in the Arctic?	2601557	Oikópa yperana Yvate Yvýpe?
2110605	In the Arctic there are no penguins.	2601558	Amo Áytikope ndaipóri yperana.
2137074	Do penguins live at the North Pole?	2601557	Oikópa yperana Yvate Yvýpe?
2222619	I can't find the news.	2222625	Ndaikatúi ajuhu la notísia
2273648	Tom is your friend.	2613381	Tom nde ra'a.
2549124	I'll be all right.	2609995	Che aiméta porã.
2549132	I work at the zoo.	2610075	Amba'apo mymbarendápe.
2549133	I went to Harvard.	2610081	Aha akue Harvard-pe.
2549134	I went to college.	2610084	Aha akue mbo'ehaorusúpe.
2549138	I was on the road.	2610103	Aime tapére.
2549142	I was helping out.	2610128	Aipytyvõ akue.
2549144	I was enjoying it.	2610162	Che ahasaporãite.
2549148	I want to do that.	2610387	Che ajapose kóva.
2601426	You're building castles in the air.	2601430	Nde rejapo óga guasu yvytúre.
2603998	Porto Alegre is a beautiful city.	2603994	Porto Alegre ha'e táva porã.
2606104	Why do you want to learn English?	2606115	Mba'érepa nde reipota reñe'ẽkuaata Ingyaterrañe'ẽ?
2606117	Porto Alegre is the southernmost capital city of a Brazilian state.	2606118	Porto Alegre ha'e tavusu oĩvéva ñemby gotyo peteĩ Pindoráma retãvore pegua.
2610855	The scent of flowers filled our home.	2610845	Yvoty ryakuã ojaho'ipami ñande rogami.
2612940	There will be no mercy!	2610889	Ndoiko mo'ãi pohiahuvereko!
355041	Happy birthday, Muiriel!	2225265	Roguerohory nde arambotýre, nde Muiriel !
5308161	Turtles don't have teeth.	5827152	Karumbekuéra ndorekói tãinguéra.
6136	An eye for an eye, a tooth for a tooth.	5848040	Oimeraẽ ohesamombúva hapichápe, toñehesamombu avei chupe.
6136	An eye for an eye, a tooth for a tooth.	5848041	Térã oitýva hapichágui hãi, tojeity avei chugui.
3861611	Water is life.	5978209	Y tekove heko.
6371652	So, what's new?	2610609	Upéarõ, mba'épa ipyahúva?
6371675	The bridge separates city A from city B.	2610003	Hasaha omboja'o táva A ha táva B.
6371678	Are we already going?	3783163	Jaháma piko?
6371681	Here is the video that they watch.	2222653	Ko'a ha'e vidéo ohechaha ha'ekuéra.
2045747	What a beautiful sight!	2601453	Jehecha porãite!
6371736	We find springs and joy everywhere.	2610808	Ykua yvu ha vy'a jahahápe jajuhu.
329713	Good morning!	6402550	Mba’éichapa ndepyhareve!
59985	This flashlight needs two batteries.	6477278	Ko tesapeha oikotevẽ mokõi píla.
6430899	I think Tom and Mary are both lying.	6477279	Che aimo'ã Tom ha Mary ijapu hína.
338182	All human beings are born free and equal in dignity and rights. They are endowed with reason and conscience and should act towards one another in a spirit of brotherhood.	6477292	Mayma yvypóra heñói hekosãsóva ha hekojojáva marangatukuépe ha tekoiterapépe ha, oguereko oikoháicha jepy'amongeta ha ãngapy, oiko va'erã joyke'yrayhúpe oñondivekuéra.
6482986	You are not coming.	6483200	Nde nderejúi hína.
6482970	Pandora's box is bad for the World.	6483203	Mba'yru Pandóra hína mba'evai ko Yvórape guarã.
6482567	I know Tom is still in love with you.	6483212	Aikuaa Tom rohayhu gueteri.
6482567	I know Tom is still in love with you.	6483213	Aikuaa Tom iñakãraku gueteri nde rehe.
6482562	I was in Boston when it happened.	6483214	Aime akue Boston-pe ojehu aja upéva.
6482488	I talked to Tom after class.	6483216	Añemongeta Tom rehe mbo'eha rire.
843052	Again.	6483280	Jey.
1598991	Again?	6483281	Jey piko?
5355039	Again!	6483282	Jeýke!
31723	Try again.	6483291	Eha'ã jey.
433729	Once again.	6483280	Jey.
1152126	You again?	6483292	Nde piko jey?
1764868	Hello again.	6483293	Mba'eteko jey.
1764868	Hello again.	6483294	Maitei jey.
1357070	Dogs bark.	6483297	Jaguakuéra oñarõ.
4769857	Good dog!	6483300	Jagua porã!
1181942	That dog jumped.	6483302	Amo jagua opopókuri.
1181942	That dog jumped.	6483303	Upe jagua opopókuri.
1488841	That dog stinks!	6483304	Pe jagua ijare!
3265810	Mary thanked me with a smile.	6483309	María ome'ẽ aguyje chéve peteĩ pukavy reheve.
2233748	This isn't bad.	6483317	Kóva ndaivaíri.
1867979	Tom put his gun down.	6727577	Tom oguejy imboka.
68536	That house is big.	6727592	Upe óga iguasu.
68536	That house is big.	6727593	Amo óga iguasu.
3082628	Happy International Women's Day!	6742590	Heta vy'apave kuña ára rehegua maymavé tetayguape!
2958211	Tom stared at the blank computer screen.	6811446	Tom omaña ñemovã'ỹme kombutadóra mba'erechaha nandíva rehe.
6968986	I was born in this hospital.	6969490	Eu nasci neste hospital.
6047442	Tom is having an existential crisis.	7032337	Tom ohasa hína jeikogua apañuáire.
6047443	Thinking about the universe always gives me an existential crisis.	7032344	Aimo'ãvo arapy rehe akóinte chembohasa jeikogua apañuáire.
5715657	Always.	7032347	Akóinte.
5715657	Always.	7032349	Opa ára.
1445955	Almost always.	7032350	Haimete opa ára.
64292	You always sing.	7032354	Akóinte repurahéi.
398889	I always walk.	7032356	Akóinte aguata.
862967	She always smiles.	7032357	Akóinte opukavy.
924341	Why always me?	7032358	Mba'ére piko akóinte che rehe?
1268021	Evil always wins.	7032360	Aña akóinte ipu'aka.
1268021	Evil always wins.	7032362	Teko ñaña akóinte ipu'aka.
6541706	Sami loves sweet potatoes.	7032430	Sami ohayhu jety.
6657404	Tom bought some sweet potatoes.	7032431	Tom ojogua umi jety.
4746446	He bought far too many sweet potatoes.	7032432	Ha'e ojogua hetaiterei jety.
462648	The children go to school in the morning.	7032439	Mitãnguéra oho mbo'ehaópe pyharevekue.
5942527	What blue sky!	7032440	Yvága hovyitépa!
18275	The sky is blue.	7032441	Yvága hovy hína.
2342526	The sky was blue.	7032442	Yvága hovýkuri.
796772	Is the sky blue? Yes.	7032443	Yvága piko hovy? Upéicha.
5276690	The sky will be blue.	7032444	Yvága hovýta katu.
1444874	How come the sky is blue?	7032445	Mba'ére piko yvága hovy?
2244718	Tom wanted that.	7032457	Tom oipotákuri upéva.
2244718	Tom wanted that.	7032458	Tom oipotákuri péa.
2648056	Relax for a second.	7032475	Epytu'úna sapy'ami.
2247637	I work alone.	7032535	Che año amba'apo.
2255695	The wall protected me from the rain.	7032556	Mongoraha chemo'ãkuri amágui.
5871052	Do you speak Guarani?	7069280	Reñe'ẽkuaa avañe'ẽme?
5871052	Do you speak Guarani?	7069281	Reñe'ẽ piko avañe'ẽ?
6483245	Paraguay has two official languages: Spanish and Guarani.	7069282	Paraguái niko iñe'ẽ tee mokõi: Karaiñe'ẽ ha Avañe'ẽ.
6483245	Paraguay has two official languages: Spanish and Guarani.	7069283	Paraguái niko iñe'ẽ tee mokõi: Karaiñe'ẽ ha Guarani.
2580858	The stevia was cultivated and used as a sweetener by the Guarani people for at least 1,500 years.	7069288	Ka'a he'ẽ niko iñemitỹmbyre ha iporupyre mba'e mohe'ẽháicha guaranikuéra rehe amo 1.500 ary aja.
326004	For example, this is a pen.	7107716	Techapyrã, kóva hína peteĩ haiha.
525267	"Tatoeba" means "for example" in Japanese.	7107717	"Tatoeba" he'ise "techapyrã" Hapõñe'ẽme.
735187	"Tatoeba" in Japanese means "for example".	7107718	"Tatoeba" Hapõñe'ẽme he'ise "techapyrã".
1038008	Google harder!	7107720	Eheka Google-pe mbaretevehápe!
6841953	Google it.	7107721	Eheka Google-pe.
515366	Google is a liar.	7107722	Google ijapu hína.
559000	Bananas are yellow.	7107747	Pakovakuéra isa'yju hína
1098563	Bananas are delicious.	7107749	Pakovakuéra heterei hína.
2548978	Tom loved bananas.	7107756	Tom ohayhu pakovakuéra.
2793039	I love bananas.	7107757	Che ahayhu pakovakuéra.
4493758	We have bananas.	7107758	Jareko pakovakuéra.
5758026	Tom went bananas.	7107759	Tom ou tarovaite.
7046389	I bought bananas.	7107760	Ajoguákuri pakovakuéra.
562268	To arms!	7107776	Mbokápe!
320123	Soldiers bear arms.	7107782	Ñorairõhára kuéra oipuru mboka.
1369200	My arm hurts.	7107784	Che jyva rasy.
6576508	Never!	7107787	Araka'eve!
20392	Never mind.	7107788	Oĩ porãma.
71828	Tomorrow never comes.	7107790	Ko'ẽrõ araka'eve oguahẽ.
71828	Tomorrow never comes.	7107792	Ko'ẽrõ araka'eve noguahẽi.
295799	He never lies.	7107794	Ha'e araka'eve ojapu.
505754	Never say never.	7107796	Araka'eve ere araka'eve.
239185	Dogs can swim.	7107802	Jaguakuéra oytakuaa.
252245	I like dogs.	7107804	Iporã chéve jaguakuéra.
434656	Dogs are barking.	7107805	Jaguakuéra oñarõ hína.
593260	Dogs are faithful.	7107806	Jaguakuéra ijeroviaha hína.
413731	One, two, three, four, five, six, seven, eight, nine, ten.	6483228	Peteĩ, mokõi, mbohapy, irundy, po, poteĩ, pokõi, poapy, porundy, pa.
1766785	I love you, Laurie.	7039783	Rohayhu, Laurie.
1434	I love you.	6691509	Rohayhu.
2365642	I love you!	6691511	Rohayhu!
2075226	Daddy, I love you!	2241777	Papa, rohayhu!
1457529	I still love you.	7039780	Rohayhu gueteri.
628763	I love you, too.	7039786	Rohayhu avei.
2688199	I love you too.	7039786	Rohayhu avei.
5276566	France, I love you!	7039787	Hyãsia, rohayhu!
2983075	But now I love you.	7039788	Hákatu rohayhu ko'ãga.
373330	Hello!	2601015	Maitei!
2742244	Hi!	2601015	Maitei!
477086	Yes.	2601016	Héẽ.
879079	Yep.	2601016	Héẽ.
477086	Yes.	3582137	Hẽe.
55738	This is a dog.	1925084	Kóva jagua.
526365	The dog is white.	7032761	Jagua imorotĩ.
4625615	We have a dog.	6829082	Jareko peteĩ jagua.
4625615	We have a dog.	6829084	Roreko peteĩ jagua.
250774	My dog is white.	7032757	Che jagua imorotĩ.
441382	This dog is white.	7032767	Ko jagua imorotĩ.
7056466	The dogs are barking.	7107805	Jaguakuéra oñarõ hína.
349064	I don't know.	2225268	Ndaikuaái.
3378136	I do not know.	2225268	Ndaikuaái.
347331	Who is he?	2613130	Mávapa ha'e?
2203694	Who's he?	2613130	Mávapa ha'e?
2203797	Who's she?	2613130	Mávapa ha'e?
315731	Who is she?	2613130	Mávapa ha'e?
742806	Who's that?	2613130	Mávapa ha'e?
2176388	Who is that?	2613130	Mávapa ha'e?
1120816	I'm fat.	1892587	Che kyra.
2523975	I am fat.	1892587	Che kyra.
2365642	I love you!	6691509	Rohayhu.
2225251	The terrorists attacked a mosque.	2225250	Terroristakuéra oataka islãtupã'o.
4437560	Tom isn't a Jew.	7032609	Tom ndaha'éi Hudío.
1324825	He lives in Morocco.	6727543	Ha'e oiko Marruéko-pe.
8437603	I'm a girl.	6483231	Che hína mitãkuña.
2363944	I am a girl.	6483231	Che hína mitãkuña.
8437603	I'm a girl.	6483230	Che ha'e mitãkuña.
2363944	I am a girl.	6483230	Che ha'e mitãkuña.
1098565	I eat an apple.	7039762	Ha'u peteĩ guavirana'a.
405769	We're eating apples.	7039758	Ja'u hína guavirana'a.
4980512	We are eating apples.	7039758	Ja'u hína guavirana'a.
774861	Four men are singing.	6114320	Irundy kuimba'e opurahéi.
7238997	Tom loves bananas.	7107756	Tom ohayhu pakovakuéra.
8568029	They edit Wikipedia.	2603989	Ha'ekuéra ohai Vikipetãme.
2237574	Tom paid cash.	8583779	Tom ohepyme'ẽ pirapire reheve.
8583777	That's just the way it goes.	8583780	Upéicha mante oho upéva.
6346361	I wonder if I should really do that.	8583785	Che cheporandu ajapóne katu upéva.
7324655	Tom wants to learn how to ride a horse.	8583786	Tom oikuaase mba'éichapa ojejapo oho hag̃ua kavaju ári.
7925158	I'm laughing.	8583787	Che apuka.
7213042	Tom is doing much better, isn't he?	8583789	Tom oñemoporã anga, ajépa?
6108117	This sword is the only weapon in the world that can harm a dragon.	8583794	Ko kyse puku añónte ko arapýpe pe mboka ikatu ombyai peteĩ teju jagua.
5807133	Tom is under the table, looking for his glasses.	8583795	Tom oĩ mesa guýpe, oheka hína hesairũ.
3832030	My family just moved here from Boston.	8583797	Che rogagua ovaramo ko'ápe Boston pegua.
1545631	The people of this village live in harmony with nature.	8583798	Tekovekuéra ko táva pegua oiko jekuputyhápe tekoháre.
785464	I left my keys on the table. Could I trouble you to bring them to me?	8583803	Ahejákuri che ndavoka mesa ári. Ikatumi piko regueru chéve umíva?
687974	You smell like shit.	8583804	Nde ne tekakáicha.
687974	You smell like shit.	8583806	Neryakuã tekakáicha.
61720	Here is a basket full of vegetables.	8583814	Na'ápe peteĩ ajaka henyhẽva ka'avógui.
61720	Here is a basket full of vegetables.	8583816	Ko'ápe hína peteĩ ajaka henyhẽva ka'avógui.
8395676	You know that Tom loves you, don't you?	8583821	Reikuaápa Tom rohayhuha, ajépa?
7219786	Sami felt crazy.	8583824	Sami oñeñandu tarova.
3915239	No one was able to help us.	8583830	Avave ndaikatúi kuri ñanepytyvõ.
3012459	It's not too far from Boston.	8583833	Naimombyryitéi Boston-gui.
325526	The pilot of an airliner is responsible for the safety of passengers.	8583850	Mbovevehára peteĩ aerolínea pegua oñangareko va'erã umi ovevéva hekoporãrã.
6809438	Sami didn't want his friends to know the truth.	8583851	Sami ndoipotái iñirũnguéra oikuaahague pe añete.
2748987	What do you think is the second tallest mountain in Japan?	8583853	Mba'e piko reimo'ã, mba'épa pe yvyty yvatevéva mokõiha Hapõme?
2268770	They began to run when they saw the police.	8583862	Ha'ekuéra oñepyrũ oñani ohechávo tahachikuéra.
7885824	I know how to write fifty-four Chinese characters.	8583978	Che ahaikuaa popa irundy Chína ñe'ẽ taikuéra.
939482	No one knows what will strike one tomorrow.	8583981	Avave ndoikuaái mba'épa ojehúta chupe ko'ẽrõ.
241565	Now I am too old to walk.	8584005	Ãga katu che chetujaite aguata hag̃ua.
8208281	Islam is the true religion of God.	8584008	Islã ha'e upe jeroviapy añetete Tupã pegua.
7513583	Tom said he got back home on October 20th.	8584012	Tom he'i ha'e ou jey kuri hógape 20 jasypápe.
2957549	Tom never wanted to live in Boston.	8585257	Tom araka'eve ndoipotái oiko Boston-pe.
3229654	I know my father will help me.	8585316	Aikuaa che ru chepytyvõtaha.
8110786	Tom noticed that Mary's car wasn't in the garage.	8585333	Tom ohecharamo Mary mba'yrumýi noĩri garáhepe.
3821936	I don't want to eat right now.	8585462	Nda'uséi ko'ãgaitépe.
3821936	I don't want to eat right now.	8585463	Ndakaruséi ko'ãgaitépe.
450345	I have nothing to say on this matter.	8585464	Ndarekói mba'eve ha'e hag̃ua kóva rehe.
7051125	You're making a mistake, however.	8585466	Nde rejavy hína upe jepe
8289506	Tomorrow we shall proclaim a republic.	8585479	Ko'ẽrõ ñamoherakuãta peteĩ tavakuairetã.
5478893	That's all you need.	8585481	Kóva mante reikotevẽva.
2549047	I'm on page three.	8585482	Aime kuatiarogue mbohapýpe.
2154854	Can you give me a euro?	8585483	Ikatu reme'ẽ chéve peteĩ éuro?
1388740	Mary traveled into the future and found that climate change had destroyed all life on Earth.	8585485	Mary oho ára tenondeguápe ha ojuhu ararova ñemoambue ombyaipa tekove Yvýpe.
6440178	Tom went out with Mary.	8585486	Tom osẽkuri Mary'rehe'ỹ.
7926064	I ran as fast as I could in order to catch up with Tom.	8585491	Añaníkuri pya'eve ikatuháicha ahupyty hag̃ua Tom-pe.
7782532	I'm happy with that color.	8585493	Che avy'a pe sa'y reheve.
3905923	I'll give that to her.	8585494	Ame'ẽta chupe upéva.
3723217	I think there's a place for you here.	8585496	Aimo'ã oĩ ne rendarã ko'ápe.
2605333	He wants to dance.	6114148	Ha'e ojerokyse.
7460960	Are those your daughters?	8585500	Umíva piko nde rajy?
7460960	Are those your daughters?	8585501	Umíva piko ne membykuña?
7460960	Are those your daughters?	8585502	Umíva piko ne memby?
3178469	We need to follow Tom.	8585634	Jaha va'erã Tom rapykuéri.
7399595	He says he wants to walk home.	8585721	Ha'e he'i oguataseha hógape
5849393	I promised myself I wouldn't drink anymore.	8585775	Che cheñe'ẽme'ẽ ndaha'umo'ãvéima.
38491	Please do it quickly.	8585777	Ejapomíkena pya'e.
6694725	I did not know what to say.	8585778	Ndaikuaáikuri mba'épa ha'e.
5207744	I hope it isn't that bad.	8585779	Ndaivaietéi nga'u.
3619597	Tom asked Mary who her French teacher was.	8585781	Tom oporandu Mary-pe mávapa imbo'ehára Hyãsiañe'ẽre.
2845563	Whither is thy beloved gone, O thou fairest among women? whither is thy beloved turned aside? that we may seek him with thee.	8585785	Mamópa oho ra'e ne rembiayhu, nde, kuñataĩ porãite? Mamópa oho ra'e? Toroheka ne ndive.
5850110	I wanted to do that again.	8593495	Che ajapose jey upéva.
1745626	This is pathetic.	8593496	Kóva hína tarova reko.
1745626	This is pathetic.	8593497	Kóva niko tarova reko.
316299	She talks to him as if he were a child.	8593505	Ha'e oñe'ẽ chupe imitãramóicha.
283134	It is difficult for him to solve the problem.	8593508	Hasy chupe omyatyrõ hag̃ua pe apañuái.
5260877	Tom told me to sit down.	8593512	Tom he'i chéve aguapy hag̃ua.
5260877	Tom told me to sit down.	8593515	Tom he'i chéve aguapy arã.
243936	I intend on fighting till the end.	8593525	Che aipota añeha'ã ipahaite peve.
7070393	Sami left his dogs without food.	8593527	Sami oheja ijaguakuéra hembi'urã'ỹ.
6861207	We both talked about Paris.	8593529	Ñande mokõive oñe'ẽ Paris rehegua.
6665835	I have a migraine headache.	8593536	Che cheakã rasy vai.
5756508	I saw her kissing another guy.	8593539	Che ahecha chupe ohetũvo karia'y ambuévape.
3688382	What time are you going?	8593542	Araka'épa rehóta?
3202572	We have something we want to tell Tom.	8593546	Jareko peteĩ mba'e ja'eséva Tom-pe.
3129896	They told you what happened, didn't they?	8593549	Ha'ekuéra he'i ndéve mba'épa ojehu, ajépa?
5729022	Tom left Boston in October of 2013.	8593560	Tom osẽ Boston-gui jasypa 2013-pe.
5942562	Everyone needs money.	8593565	Opavave oikotevẽ pirapire.
7114565	Tom is still too young, isn't he?	8593571	Tom imitãite gueteri, ajépa?
4333100	The plane landed in the ocean.	8593579	Pe aviõ oguejy paraguasúpe.
5856671	Fadil's mother remarried.	8593580	Fadil sy omenda jey.
7030798	I have eaten a cat.	7032473	Ha'úkuri peteĩ mbarakaja.
67429	The storm abated.	8605756	Aravai oñemomichĩ.
2252580	The storm continued.	8605757	Aravai oho hese.
3915142	Why do we have to help you?	8605762	Mba'ére piko ñapytyvõ arã nde?
8536899	She wanted to keep him all to herself.	8605811	Ha'e oñongatusepaite ojehe chupe.
6945962	Tom doesn't want to be a doctor, although he's very good at science.	8605812	Tom ndaha'esemo'ãi pohãnohára, ha'e iporãitéramo jepe tembikuaatýpe.
4733249	He's twenty-four years old.	8605813	Ha'e oreko mokõipa irundy ary.
3422105	Tom waited until Mary came.	8605814	Tom oha'arõ Mary oguahẽ peve.
3422105	Tom waited until Mary came.	8605815	Tom oha'arõkuri Mary oguahẽkuri peve.
52067	Leave now.	8605816	Tereho ko'ãga.
2111523	Start now.	8605817	Eñepyrũ ko'ãga.
38553	Please enter now.	8605819	Eikemíkena ko'ãga.
808685	I understand now.	8605820	Hesakã chéve ko'ãga.
6049439	Kill them.	8605826	Ejuka chupekuéra.
6049439	Kill them.	8605827	Pejuka chupekuéra.
6049439	Kill them.	8605828	Pejukápy chupekuéra.
8604074	Mull it over.	8605830	Ejepy'amongetamína.
8604080	I believe all of you.	8605832	Che aroviapaite nde rehe.
2111507	Step forward.	8605834	Epyrũ tenondépe.
2111931	Come forward.	8605835	Eju tenondépe.
32537	Look forward, please.	8605836	Emañamíkena tenondépe.
3118230	Tom studied music theory.	8605837	Tom oñemoaranu mba'epu porã mba'ekuaarãre.
1144479	Can you answer this?	8605840	Ikatúpa nde rembohovái kóva?
8478641	He's quite shy.	8605842	Ikoyguaitemi.
4471199	I'm getting a headache.	8605843	Che cheakãrasýtama katu.
5069929	My brother fell out of a tree and broke his arm.	8605845	Che pehẽngue ho'ákuri yvyrágui ha ijyvajoka.
5069929	My brother fell out of a tree and broke his arm.	8605846	Che kyvy ho'ákuri yvyramátagui ha ijyvajoka.
1981738	He is not dumb.	8605847	Ha'e ndaivýroi.
1981738	He is not dumb.	8605848	Ha'e ndaitarovái.
1022461	I'm gay.	2225468	Che ha'éva petei géi
8610435	What's coronavirus?	8887221	Mba'épa pe koronavíru?
8610423	The coronavirus is dangerous.	8887224	Koronavíru ikatu oporombohasa asy.
8610443	Can the coronavirus be cured?	8887226	Ikatu piko omonguera pe koronavíru?
8610457	What does the coronavirus do?	8887228	Mba'épa ojapo pe koronavíru?
5732030	The chopper made a loud noise.	8887231	Pe vevehajere ipuete mbarete.
2261136	Red alert!	8887256	Cháke ipytã!
430055	Apples are red.	8887257	Masãnguéra ipytã.
430055	Apples are red.	8887258	Guaviranakuéra ipytã.
707009	Javier turned red.	8887259	Javier oñemopytã.
1038951	Red wine, please.	8887260	Víno pytã, ikatumína.
1038951	Red wine, please.	8887261	Kaguy pytã, ikatumína.
1416534	Red is better.	8887262	Pytã iporãve.
3523080	Tom sees red.	8887263	Tom ohecha pytã.
773367	How many onions?	8887265	Mboy sevói?
1507897	Add the onion.	8887266	Embojo'a sevói.
6049380	Peel the onion.	8887268	Ehague'o pe sevói.
6049380	Peel the onion.	8887269	Emoperõ pe sevói.
2638687	Smoking causes lung cancer.	8887273	Japitárõ ñaneñe'ãvevúi akytã'aíta.
5450794	Tom has lung cancer.	8887274	Tom iñe'ãvevúi akytã'ai.
5858202	I have lung cancer.	8887275	Che cheñe'ãvevúi akytã'ai.
6708866	Sami battled lung cancer.	8887279	Sami oñorairõ ñe'ãvevúi akytã'aíre.
7428302	He has lung cancer.	8887281	Ha'e iñe'ãvevúi akytã'ai.
302426	He died of lung cancer.	8887283	Ha'e omano iñe'ãvevúi akytã'aíre.
302428	He's got lung cancer.	8887281	Ha'e iñe'ãvevúi akytã'ai.
3923033	Tom died of lung cancer.	8887285	Tom omano iñe'ãvevúi akytã'aíre.
7446685	Tom read the terms of service.	8899116	Tom omoñe'ẽkuri pe mba'epytyvõrã ñemboguata.
8606100	We're updating our Terms of Service.	8899118	Ore rombopyahu ore Mba'epytyvõrã Ñemboguata.
1319588	Listen!	8900880	Pehendu!
1319588	Listen!	8900881	Ehendu!
908231	Kids, listen!	8900882	Mitãnguéra, pehendúke!
1184640	Now, listen!	8900884	Ko'ãga, pehendúke!
1184640	Now, listen!	8900885	Ko'ãga, ehendúke!
5817624	Listen, gentlemen.	8900887	Ehendumi, karai.
5828890	I listened.	8900888	Ahendúkuri.
6581147	Please listen!	8900889	Pehendumíkena!
6581147	Please listen!	8900891	Ehendumíkena!
7925133	You listened.	8900893	Rehendúkuri.
7925133	You listened.	8900894	Pehendúkuri.
8307647	Listen, please.	8900898	Ehendumi, ikatúrõ.
8475698	He listens.	8900901	Ha'e ohendu.
8475831	He listened.	8900902	Ha'e ohendúkuri.
8645636	Listen quietly!	8900903	Ehendu ha ekirirĩ!
8645636	Listen quietly!	8900904	Pehendu ha pekirirĩ!
2236758	Tom is listening.	8900906	Tom ohendu hína.
2237067	Tom just listened.	8900907	Tom ohendúnte.
2237450	Tom never listens.	8900908	Tom araka'eve nohendúi.
2237644	Tom sat listening.	8900909	Tom oguapy ha ohendu.
2243026	They all listened.	8900910	Ha'ekuéra ohendumbákuri.
2243026	They all listened.	8900911	Ohendumbákuri hikuái.
2247575	I will listen.	8900912	Che ahendúta.
2247575	I will listen.	8900913	Ahendúta.
2741389	Listen to me!	8900915	Chehendúke!
2741389	Listen to me!	8900916	Chehendúna!
3171855	OK, listen up.	8900917	Oĩma, ehendúna.
3721612	Tom quietly listened.	8900919	Tom ohendu kirirĩhápe.
3733825	Somebody's listening.	8900920	Peteĩva ohendu hína.
3737323	Listen very closely.	8900921	Ehenduporãitéke.
3737323	Listen very closely.	8900922	Pehenduporãitéke.
5850459	I just listened.	8900923	Ahendúnte.
5975659	You never listen.	8900924	Nde araka'eve nderehendúi.
270461	People hear without listening.	8900926	Tapichakuéra ijapysakuaa ohendukuaa'ỹre.
323684	Shut up and listen!	8900927	Ekirirĩ ha ehendu!
323684	Shut up and listen!	8900928	Pekirirĩ ha pehendu!
1517935	Tom listens to CNN.	8900930	Tom ohendu CNN.
1539574	We listen to music.	8900932	Ñahendu mba'epu porã.
1539574	We listen to music.	8900933	Rohendu mba'epu porã.
1570767	Listen while I talk.	8900934	Ehendúke añe'ẽvo.
1570767	Listen while I talk.	8900935	Pehendúke añe'ẽvo.
2011529	We wanted to listen.	8900936	Ore rohendusékuri.
2011529	We wanted to listen.	8900938	Ñande ñahendusékuri.
2091130	No one would listen.	8900939	Avave nohendumo'ãi.
2218269	You're not listening.	8900940	Nde nderehendúi.
2273271	Tom is listening now.	8900942	Tom ohendu hína ko'ãga.
2273512	Tom is still listening.	8900943	Tom ohendu hína gueteri.
2548460	You have to listen.	8900944	Rehendu va'erã.
2548460	You have to listen.	8900945	Rehendu arã.
2646107	Are you listening, Tom?	8900947	Rehendu piko, Tom?
3907064	Who listens to him?	8900952	Máva piko ohendu chupe?
3907065	Who listens to her?	8900952	Máva piko ohendu chupe?
3907091	I listened to them.	8900954	Ahendúkuri chupekuéra.
3907126	Just listen to us.	8900956	Orehendu mante.
5958399	I'm still listening.	8900957	Ahendu gueteri.
6121048	Listen to the birds.	8900959	Ehendumi guyrakuéra.
6356016	Are you still listening?	8900961	Rehendu piko gueteri?
6384387	Talk. I'm listening.	8900962	Eñe'ẽ. Ahendu hína.
6384387	Talk. I'm listening.	8900963	Eñe'ẽ. Che ahendu aína.
6384392	Explain. I'm listening.	8900965	Emohesakã chéve. Ahendu hína.
6049392	Touch it.	8900969	Epoko.
276149	Somebody touched me.	8900971	Oĩ peteĩ opoko va'ekue che rehe.
276149	Somebody touched me.	8900972	Oĩ peteĩ opokókuri che rehe.
1256932	Stop touching me.	8900974	Anivéna epoko che rehe.
1635587	He touched me.	8900976	Ha'e opoko che rehe.
1635587	He touched me.	8900977	Opoko che rehe.
2235738	I touched Tom.	8900979	Che apoko Tom rehe.
2235738	I touched Tom.	8900980	Apokókuri Tom-re.
2249489	Just touch it.	8900981	Epokóntema.
2249629	Nobody touched me.	8900982	Avave ndopokói che rehe.
3905184	I touched them.	8900985	Apokókuri hesekuéra.
3905185	I touched him.	8900986	Apokókuri hese.
3905186	I touched her.	8900986	Apokókuri hese.
4519440	Touch my body.	8900987	Epoko che retére.
6393057	Our legs touched.	8900989	Ore retyma ojopoko.
7190042	Sami touched me.	8900991	Sami opokókuri che rehe.
1727844	I cannot touch fire.	8900995	Ndaikatúi apoko tatáre.
1727844	I cannot touch fire.	8900996	Ndapokokuaái tatáre.
1777593	Don't touch anything.	8901001	Ani epoko mba'e oimeraẽvare.
1832174	Can I touch it?	8901002	Ikatu apoko?
1849378	Don't touch me.	8901003	Ani epoko che rehe.
1860399	Don't touch those.	8901005	Ani epoko umívare.
1977695	He touched my hand.	8901006	Ha'e opokókuri che póre.
2646895	Tom never touched me.	8901008	Tom araka'eve ndopokói che rehe.
6092585	See?	8901010	Rehechápa?
6092585	See?	8901011	Rehecha piko?
1031255	We see.	8901012	Jahecha.
1031255	We see.	8901013	Rohecha.
1151432	See you.	8901014	Jajohecháta.
1357251	See you!	8901015	Jajohecháta!
2111796	I see.	8901016	Ahecha.
373276	We shall see.	8901019	Jahecháta katu.
411958	I see Dan.	8901020	Ahecha Dan.
411960	I see Dana.	8901023	Ahecha Dana.
497969	See you tomorrow.	8901026	Jajohecháta ko'ẽrõ.
656806	It sees me.	8901028	Chehecha hína.
880839	Let's see...	8901031	Jahecháta...
945292	Wait and see.	8901033	Eha'ãrõ ha ehecha.
1553530	Can you see?	8901034	Ikatúpa rehecha?
1553530	Can you see?	8901035	Rehechakuaápa?
2648979	See you tonight.	8901036	Jajohecháta ko pyhare.
2650192	Can I see?	8901037	Ikatu piko ahecha?
2650192	Can I see?	8901038	Ahechakuaápa?
2877249	See you Thursday!	8901039	Jajohecháta arapo!
3188871	I see well.	8901040	Ahechaporã.
3822336	See you Monday.	8901041	Jajohecháta arakõi.
6945052	It's true, he's dead.	8901053	Añetehápe, omanókuri.
2726655	It's true that he said that.	8901054	Añetehápe he'íkuri upéva.
3773397	Whatever he said, it's not true.	8901057	Taha'e ha'éva he'íkuri, naiñañetéi.
3773397	Whatever he said, it's not true.	8901058	Taha'e ha'éva he'íkuri, ijapu.
3773399	Whatever he told you, it's not true.	8901059	Taha'e ha'éva he'íkuri ndéve, naiñañetéi.
3773399	Whatever he told you, it's not true.	8901060	Taha'e ha'éva he'íkuri ndéve, ijapu.
8645655	Anyone can see.	8901064	Opavave ikatu ohecha.
8821601	I see smoke.	8901065	Ahecha tatatĩ.
25845	Can you see far?	8901068	Ikatu rehecha mombyry?
5942161	She stole my stuff.	8901316	Ha'e omondákuri che mba'enguéra.
6776735	What's the weather like in the summer in your country?	8901364	Mba'éichapa ararova arahakúpe ne retãme?
5559618	Tom won't do it anymore.	8901369	Tom ndojapomo'ãvéi upeva.
8376728	Tom is the only one here who drinks tea.	8901594	Tom ha'énte upe ho'úva ka'a rykue ko'ápe.
7653934	Mary misses her husband and children.	8905896	Mary ohechaga'u iména ha imembynguéra.
37520	Every country has its own history.	8906663	Ñavõ tetã hembiasakue tee hína.
37520	Every country has its own history.	8906667	Opa tetãnguéra hembiasakue tee hína.
70045	You are wearing your shirt inside out.	8906674	Reipuru hína nde kamisa oguývo.
7819398	Why are you taking so much medicine?	8910125	Mba'ére piko re'uete hína pohã?
3024037	Some people think that French is a difficult language.	8925842	Oĩ tapichakuéra oimo'ã Hyãsiañe'ẽ ha'e peteĩ ñe'ẽ hasy.
8043885	I'm representing my country.	8928523	Che hína che retã rechaukáva.
6867241	Sami needs his coffee.	8928528	Sami oikotevẽ ikafére.
6867241	Sami needs his coffee.	8928529	Sami oikotevẽ icafére.
5743808	Murphy's law states that whatever can go wrong will go wrong.	8928535	Murphy rekorã he'i oĩramo mba'e oimeraẽva ikatúne oiko vai oiko vaíta.
3737038	I wonder where Tom is right now.	8928546	Che cheporandu mamópa Tom oĩ ko'ãgaite.
2996729	Someone's going to pay for this.	8928549	Peteĩva ohepyme'ẽta kóvare.
2331737	I had stuff to do.	8928554	Arekókuri mba'ekuéra ajapo hag̃ua.
2143028	Providing energy to the poor without destroying the planet any further is this century's biggest challenge.	8928574	Mba'erendy ñemoguahẽ umi mboriahúpe ñambyaive'ỹre ore yvy niko ko saro'y jeheka tuichavéva.
2143028	Providing energy to the poor without destroying the planet any further is this century's biggest challenge.	8928576	Mba'e'ypy ñemoguahẽ umi mboriahúpe ñahundive'ỹre ore arapy niko ko saro'y jeheka guasuvéva.
1820829	How many people died in the earthquake?	8928581	Mboy tapichakuéra omanókuri pe yvyryrýipe?
29415	Rome is in Italy.	8928584	Róma oĩ Itáliape.
26680	Do you have rain gear with you?	8928586	Reguereko piko ao amarã ne ndive?
7492540	I don't know this lady.	8928595	Che ndaikuaái ko kuñakarai.
6220220	I did that only once.	8932544	Peteĩ jeýnte ajapókuri upéva.
5621322	We haven't had those kinds of problems yet.	8932549	Ndajarekói gueteri pa'ã umichaguáva.
5031434	Such things happen very often.	8932550	Mba'e umivagua oiko memeitéva.
3365646	Come and see this.	8932551	Eju ha ehecha kóva.
3006746	Where did you get all this stuff?	8932564	Moõgui rehupytýkuri opa ã mba'e?
839816	China is the biggest country in Asia.	8932567	Chína ha'e tetã tuichavéva Ásiape.
8176494	They left their children in Algeria.	8932571	Ohejákuri hikuái imembynguéra Ahéliape.
7520827	I know Tom won't wait for me.	8932575	Aikuaa Tom noha'arõmo'ãiha che rehe.
3950683	I don't drink more beer.	8943499	Nda'uvéi kaguy.
8908768	Be faithful.	8951409	Nde ndejeroviaháke.
8908768	Be faithful.	8951411	Peẽ pendejeroviaháke.
593260	Dogs are faithful.	8951412	Jaguakuéra ijeroviaha.
2202833	We're faithful.	8951413	Ñande ñandejeroviaha.
2202834	You're faithful.	8951414	Nde ndejeroviaha.
2202835	Tom is faithful.	8951415	Tom ijeroviaha.
2202836	I'm faithful.	8951416	Che chejeroviaha.
3172382	Are you faithful?	8951419	Nde piko ndejeroviaha?
6532484	I lost faith.	8951420	Che chejerovia'ỹma.
8477421	He's faithful.	8951421	Ijeroviaha.
239162	All dogs are faithful.	8951422	Opa jagua ijeroviaha.
268836	Faith can move mountains.	8951424	Jerovia ikatu omomýi yvyty.
268836	Faith can move mountains.	8951425	Jerovia ikatu omongu'e yvyty.
8955128	Those are his companions.	8955124	Umíva iñirũnguéra.
8955136	The children are gathering firewood.	8955132	Mitã'ikuéra omono'õ jepe'a.
8955140	Don't follow your father!	8955139	Ani peho pende ru rapykuéri!
8955150	I must use my father's car.	8955147	Che aiporu va'erã che ru mba'yrujere.
8955156	Are you in the yard?	8955152	Peẽ peĩ peína korapýpe?
8955157	Are you in the courtyard?	8955152	Peẽ peĩ peína korapýpe?
8955168	My aunt cleans the schoolyard.	8955160	Che sy'y omopotĩ pe mbo'ehao korapy.
8955179	All children will go to school.	8955175	Maymáva mitã ohóta mbo'ehaópe.
1894280	The girls just want to have fun.	8955222	Kuñataĩ ovy'asénte voi.
1894280	The girls just want to have fun.	8955223	Kuñataĩnguéra ovy'asénte voi.
8955231	Drunkards and children don't lie.	8955227	Oka'úva ha mitã ndaijapúi.
5360596	Big boys don't cry.	8955233	Mitã rusu nahasẽi.
2755153	We saw a beautiful orchid with deciduous leaves.	8955262	Jahechákuri peteĩ tamanakuna hoguekúi porãitéva.
2755153	We saw a beautiful orchid with deciduous leaves.	8955263	Ore rohechákuri peteĩ tamanakuna hoguekúi porãitéva.
5399406	The teak is a deciduous tree that can grow to a height of 40 metres.	8955264	Téka ha'e peteĩ yvyramáta hoguekúi ikatu okakuaa ijyvatekue amo 40 métro.
2246044	I raise orchids.	8955265	Amongakuaa tamanakuna.
4501622	Tom raises orchids.	8955266	Tom omongakuaa tamanakuna.
4496297	Orchids demand daily care.	8955267	Tamanakuna oikotevẽ ñeñangareko ára ha ára.
7926063	Orchids are my favorite flower.	8955268	Tamanakuna niko pe yvoty iporãvéva chéve.
2569059	I love orchids because they are pretty.	8955271	Che ahayhu tamanakuna iporãitégui.
708028	Inner beauty, I'll believe in it when my dick has eyes.	8955279	Porãngue hyepypegua, ajeroviáta upévare che rembo ohechakuaávo.
8955455	Drunks and children don't lie.	8955227	Oka'úva ha mitã ndaijapúi.
4199511	Allah knows.	8961462	Ala oikuaa.
477188	Allah is great!	8961463	Ala ituicha!
3253983	Allah is everywhere.	8961464	Ala oĩ oparupi.
7317466	Sami worshipped Allah.	8961465	Sami omomba'eguasu Alápe.
7431273	I fear Allah.	8961467	Akyhyje Alágui.
8401998	Muslims worship Allah.	8961468	Musulmãnguéra omomba'eguasu Alápe.
2249137	It's not ugly.	8901050	Ndaivaíri.
2249137	It's not ugly.	8961474	Ndaijaiguéi.
2249183	It's pretty ugly.	8961477	Ivaiete.
2249183	It's pretty ugly.	8961478	Ijaigueite.
6995721	It's an ugly flag.	8961480	Upe poyvi ivai.
6995721	It's an ugly flag.	8961483	Upe poyvi ijaigue.
5797026	We all need love.	8964074	Opavave ñaikotevẽ mborayhu.
8964081	I'm not for you.	8964080	Che ndaha'éi ndéveguarã.
2645022	Thank you for being here.	8964086	Aguyje reime haguére ko'ápe.
8964099	Can I, my love, give you little kisses even in my dreams?	8964097	Ikatúiko, che mborayhu, rohetũimi che kérape jepe?
8964107	I want to wake up with you.	8964103	Che cheko'ẽsete nendive.
8964113	Do you want me to applaud you?	8964110	Reipota ajepopete ndéve piko?
8964119	If you happen to remember me, I would like you to know that I am still waiting for you here.	8964115	Sapy'arei nemandu'arõ cherehe, aipotaite reikuaa che ko'ápe roha'arõitiha.
8964124	Dreams must be bigger than fear.	8964122	Kerayvotykuéra tuichaveva'erã kyhyjégui.
8964177	Don't be like them.	8964167	Aníke peẽ ha'ekuéraicha hína.
8964177	Don't be like them.	8964179	Aníke nde ha'ekuéraicha hína.
8964190	I stumbled again on the same stone.	8964188	Añepysangajey peteĩete itáre.
853093	I think it's going to rain today.	8964205	Aimo'ã okytaha ko ára.
853093	I think it's going to rain today.	8964207	Hi'ã chéve okytaha ko árape.
3754418	Do you think it's going to rain today?	8964209	Hi'ã piko ndéve okytaha ko ára?
3620223	I don't think it's going to rain today.	8964210	Nahi'ãi chéve okytaha ko ára.
8964219	When I go to Paraguay I will stay in Asunción.	8964211	Aha vove Paraguáipe apytáta Paraguaýpe.
8964228	Who are you when nobody sees you?	8964223	Mávapa nde avãve nanderechái jave?
1817800	Love is crazy.	8964231	Mborayhu itavy.
4500884	Love is everything.	8964232	Mborayhu ha'e opamba'e.
8964243	Love does not fade despite the distance.	8964236	Mborayhu ndoguéi mombyry oñeiméramo jepe.
7932231	Take revenge.	8966055	Ejepy hese.
1092536	Tom wanted revenge.	8966056	Tom ojepysékuri.
1887882	I want revenge.	8966057	Che ajepyse hese.
2011382	Tom wants revenge.	8966059	Tom ojepyse hese.
4502832	We want revenge.	8966060	Ore rojepyse hese.
4502832	We want revenge.	8966061	Ñande jajepyse hese.
5852395	I wanted revenge.	8966062	Che ajepysékuri.
2941438	I'll have my revenge.	8966063	Che ajepýta voi hese.
8309273	Private property is theft.	8970409	Mba'erekopy ijárava niko ñemonda.
2821119	You are trespassing on private property.	8970413	Nde rehasa hína mba'erekopy ijárava rupi.
8624434	Stay home.	8970593	Epyta nde rógape.
1547730	I stay home.	8970595	Che apyta che rógape.
2821690	Tom stayed home.	8970596	Tom opytákuri hógape.
5853227	I stayed home.	8970598	Che apytákuri che rógape.
8478082	He stayed home.	8970599	Opytákuri hógape.
8651582	She stayed home.	8970599	Opytákuri hógape.
8651583	We stayed home.	8970600	Japytákuri ñande rógape.
8651583	We stayed home.	8970601	Ropytákuri ore rógape.
8651585	They stayed home.	8970602	Opytákuri hikuái hógape.
321732	I'll stay home.	8970603	Apytáta che rógape.
1547728	I'm staying home.	8970604	Apyta aína che rógape.
6270941	Tom stayed home yesterday.	8970605	Tom opytákuri hógape kuehe.
2011811	Tom doesn't want to eat.	8972542	Tom ndo'uséi.
1830598	I don't want to eat this.	8972540	Nda'uséi kóva.
8980381	You're wearing your shirt inside out.	8906674	Reipuru hína nde kamisa oguývo.
1065146	I sleep naked.	8986027	Ake opívo.
2111709	I'm naked.	8986028	Che opívo.
2236781	Tom is naked.	8986029	Tom ijopívo.
2239827	Tom was naked.	8986030	Tom ijopívokuri.
2247496	I was naked.	8986031	Cheopívokuri.
3494454	I felt naked.	8986032	Añeñandu che opívoicha.
4914781	I am naked!	8986033	Che opívo!
6141015	She danced naked.	8986034	Ha'e ojerokýkuri opívo.
7140533	Sami stripped naked.	8986035	Sami oñemboíkuri.
8475890	He's naked.	8986036	Ijopívo.
939780	The woman is naked.	8986038	Kuña ijopívo.
956237	The man is naked.	8986040	Kuimba'e ijopívo.
1190908	I'm completely naked.	8986041	Che opivopaite.
1485299	Tom woke up naked.	8986042	Tom opívo opáy.
1486361	Tom is stark naked.	8986043	Tom ijopivopaite.
1666	I have lost my wallet.	9000629	Okañy chehegui che pirapire ryru.
25767	I have lost my pencil.	9000631	Okañy chehegui che haiha.
63558	I have lost my camera.	9000634	Okañy chehegui che ra'anga'oha.
245032	I have lost my umbrella.	9000635	Okañy chehegui che ama mo'ãha.
257266	I have lost my key.	9000638	Okañy chehegui che ndavoka.
258128	I have lost my watch.	9000640	Okañy chehegui che aravopapaha.
259742	I have lost my place.	9000642	Okañy chehegui che renda.
261717	I have lost my cap.	9000644	Okañy chehegui che akã ao.
926938	I have lost my friends.	9000646	Okañy chehegui che irũnguéra.
926938	I have lost my friends.	9000648	Okañy chehegui che angirũnguéra.
7356998	I have lost my notebook.	9000651	Okañy chehegui che kuatiañe'ẽ.
7942921	I have lost my faith in God.	9000653	Okañy chehegui che jerovia Tupãre.
257267	It seems that I have lost my keys.	9000654	Hi'ã chéve okañy chehegui che ndavoka.
1025361	Tom has lost his keys.	9000658	Okañy Tom-gui iñokẽndavoka.
2570807	He has lost his umbrella.	9000659	Okañy chugui hi'ama mo'ãha.
5598754	Say it ain't so.	9007180	Eremi chéve ndaha'éi upéicha.
5607329	Say it ain't so!	9007181	Eremi chéve ndaha'éi upéicha!
7545340	There's nothing else I want to buy.	9007990	Ndaiporivéima mba'eve ajoguase.
607940	Go fuck yourself!	9009252	Tereho ejapiro túnare!
328604	Fuck you!	9009256	Japiro!
1743245	Asshole!	9009257	Nde tembo!
1349592	Don't say shit.	9009258	Tembo la eréa.
9020798	Smoke is everywhere.	9020795	Tatatĩ opárupi oĩ.
36097	How cute!	9020826	Ijukýpa!
1636288	So cute!	9020827	Ijukyite!
1989609	You're cute.	9020828	Ndejuky.
2020509	Koalas are cute.	9020829	Koalakuéra ijuky.
2111314	They're cute.	9020830	Ijuky hikuái.
2111453	That's cute.	9020831	Upéva ijuky.
9022264	Come and join us, let's eat together.	9022262	Ejúpy oremoirũ, jakaru oñondive.
1541497	Tom is a vampire.	2609948	Tom ha'e peteĩ andýra.
9056420	Tom's a vampire.	2609948	Tom ha'e peteĩ andýra.
434202	Am I pregnant?	7032679	Cheryeguasu piko?
2951765	Do you remember what time Tom said he'd be here?	9689886	Remandu'ápa piko mba'e aravópe Tom he'íkuri ha'e oiméta ko'ápe?
8680049	You have my full respect.	9689921	Che rohechakuaaite.
8251445	We got rid of some old stuff.	9694270	Ñamboykemi akue umi mba'e tuja.
6849093	I don't mind helping Tom.	9694271	Ndaha'éi mba'eve chéve aipytyvórõ Tom-re.
7909076	Funafuti is the capital of Tuvalu.	9705509	Funafuti niko Tuválu itavusu.
8582609	In Tuvalu, water is already eating away on the land.	9705511	Tuválupe, y ho'umíma hína yvy.
2122300	Greece has many islands.	9705514	Gyrésiape ypa'ũ hetaite hína.
5881702	I own that island.	9705518	Pe ypa'ũ niko chemba'e.
9634660	Is that island beautiful?	9705523	Upe ypa'ũ piko iporã?
44727	What animals inhabit those islands?	9705526	Mba'eichagua mymba piko oiko umi ypa'ũme?
1486893	Tom walked around the island.	9705531	Tom oguatákuri ypa'ũ jerekuévo.
1532638	Hopefully, the island is beautiful.	9705534	Tamora'e iporãpa pe ypa'ũ.
2792731	Do you like my island?	9705612	Iporã piko ndéve che ypa'ũ?
4986231	That is not an island.	9705615	Upéva ndaha'éi ypa'ũ.
4728183	The world is just like a book, and every step you take is like turning a page.	9706786	Yvóra niko peteĩ arandukáicha voi, ha reguatávo rembojeréicha katu peteĩ kuatiarogue.
6266325	I know you need to do that.	9706791	Aikuaa rejapo va'erãha upéva.
6266325	I know you need to do that.	9706792	Che aikuaa nde rejapo va'erãha upéva.
6436570	Tom said he thought Mary was drunk.	9707198	Tom he'íkuri ha'e oimo'ã Mary ika'uhague.
2132096	Water, please.	9694268	Y, ikatumírõ.
6219805	Water flows.	9707207	Y osyry.
6746662	Drink water.	9707208	Hey'u.
8742399	Save water.	9707210	Eñangarekomíke ýre.
4474989	Eat it!	9707211	He'úpy!
4474989	Eat it!	9707212	He'u!
64355	Just water, please.	9707213	Y añónte, ikatumírõ.
4597308	They gave me 3 days to pack my bags.	9707214	Ome'ẽ hikuái chéve 3 ára ajapopa hag̃ua che vosakuéra.
4429587	These days, it rains frequently.	9707270	Ko'ág̃a rupi, oky meme.
3907406	Nothing will happen to me.	9707758	Mba'eve ojehúta che rehe.
3907406	Nothing will happen to me.	9707764	Ndaipóri ojehutaha che rehe.
317778	A scream broke the silence.	9707813	Sapukái ojokákuri pe kirirĩ.
317778	A scream broke the silence.	9707817	Sapukái ikirirĩ soro.
7782966	I am called Lin Feng.	9713128	Che réra Lin Feng.
1602700	This time you went too far.	9788314	Ko'ãga katu rehopaitéma.
807307	There was a bridge across each river.	9080201	Ñavõ ysyry ári oĩ akue peteĩ hasaha.
9974765	Tom's not Jewish.	7032609	Tom ndaha'éi Hudío.
1437	Congratulations!	10083454	Vy'apavẽ!
1437	Congratulations!	10083455	Terevy'aitéke!
25930	Action!	10083456	Toiko!
28129	Wrong.	10083457	Ojavy.
30542	Definitely!	10083459	Upeichaite!
31567	Almost.	10083460	Haimete.
36088	What?	10083461	Mba'épa?
36419	Why?	10083462	Mba'érepa?
246359	Dead?	10083463	Omano?
280158	Duck!	10083476	Ejayvy!
364954	Die!	10083477	Emano!
373216	Really?	10083478	Añetépa?
374568	Perfect!	10083480	Iporã jepéva!
457629	Hungry?	10083483	Ndevare'a piko?
460198	Crazy!	10083485	Ndetarova!
462424	Shit.	10083486	Tekaka.
477061	No.	10083489	Ahániri.
477061	No.	10083491	Nahániri.
611140	Checkmate!	10083492	Háke máte!
643316	Darn!	10083494	Añarakóre!
1349139	Southward.	10083504	Ñemby gotyo.
1357603	Done.	10083505	Oĩma.
1744314	Wait!	10083506	Eha'arõ!
1747561	Try!	10083507	Eha'ã!
1768349	Begin!	10083508	Eñepyrũ!
1802121	Speak!	10083509	Eñe'ẽ!
1804273	Look!	10083511	Ehecha!
1806425	Quick!	10083513	Pya'éke!
4454073	Walk!	10083516	Eguata!
6146104	Done?	10083523	Oĩma piko?
1008564	Everybody lies.	10083527	Opavave ijapu.
2244995	Be on time.	10192209	Eguahẽ javetéke.
8962120	Pay on time!	10192210	Ehepyme'ẽ javetéke!
9239413	Come on time.	10192211	Eju javetéke!
1604624	Always arrive on time.	10192213	Akóinte eguahẽ javete.
2218323	You're on time.	10192216	Reguahẽma javete.
2240648	We're on time.	10192217	Ñaime javete.
2248199	I'm on time.	10192218	Aime javete.
2248199	I'm on time.	10192220	Aguahẽma javete.
2914398	You arrived on time.	10192221	Reguahẽkuri javete.
2955901	Tom arrived on time.	10192222	Tom oguahẽkuri javete.
3162840	Please come on time.	10192224	Ejumíkena javete.
3210743	He left on time.	10192225	Ohókuri javete.
3405495	Am I on time?	10192226	Aguahẽ javete piko?
4397661	Are we on time?	10192229	Ñaguahẽ javete piko?
5851957	I left on time.	10192232	Asẽkuri javete.
6274625	Please be on time.	10192234	Eguahẽmíkena javete.
8249385	Maria came on time.	10192235	Maria oguahẽkuri javete.
8616765	We arrived on time.	10192236	Ñaguahẽkuri javete.
9314864	Everyone arrived on time.	10192237	Opavave oguahẽkuri javete.
9314865	Everybody arrived on time.	10192237	Opavave oguahẽkuri javete.
10615128	I'm going to prepare some mates.	8887247	Che ajapóta ka'ay.
7392624	She says that she can't eat any more.	10802198	Ha'e he'i ndaikatuveiha okaru.
5277712	You can crash on the sofa if you're tired.	10806820	Nde ikatu reñeno apyka puku ári nekane'õrõ.
7505104	I know that Tom probably won't want to do that anymore.	10806829	Aikuaa Tom ikatuha ndojaposemo'ãvéi upéva.
7505107	I know that Tom knows you don't really have to do that.	10806831	Aikuaa Tom oikuaaha añetehápe nderejapo vaerãiha upéva.
7505108	I know that Tom knows why Mary has to do that tomorrow.	10806833	Aikuaa Tom oikuaaha mba'érepa Mary ojapo vaerã upéva ko'ẽrõ.
7505109	I know that Tom knows why Mary doesn't want to do that.	10806834	Aikuaa Tom oikuaaha mba'érepa Mary ndojaposéi upéva.
568331	Welcome to the Tatoeba Project website.	10806836	Tereg̃uahẽ porãite Tatoeba Rembiaporã rendápe.
2725101	Black wins.	10806858	Hũ ipu'aka.
321552	Everything went black.	10806860	Oñemohũmbaite.
3577027	Rooms are black.	10806861	Kotykuéra hũ.
3661710	I like black.	10806863	Hũ iporã chéve.
3661710	I like black.	10806865	Hũ arohory.
3724732	Black is beautiful.	10806866	Hũ iporãite.
4401014	Tom is black.	10806867	Tom ikamba.
5222698	I prefer black.	10806868	Hũ iporãve chéve.
5342176	Mine is black.	10806869	Chemba'éva hína hũ.
280729	Black hens lay white eggs.	10806873	Ryguasu hũ ombo'a ryguasu rupi'a morotĩ.
280729	Black hens lay white eggs.	10806874	Umi ryguasu hũva ombo'a tupi'a imorotĩva.
239194	Dogs see in black and white.	10806875	Jaguakuéra ohechánte hũ ha morotĩ.
1552235	Not everything is black and white.	10806877	Ndaha'éi opamba'e hũva ha imorotĩva.
1552235	Not everything is black and white.	10806878	Ndaha'éi opamba'e hũ ha morotĩ.
3723505	It's not black and white.	10806879	Ndaha'éi hũ ha morotĩ.
5319754	Things are not black and white.	10806880	Mba'ekuéra ndaha'éi hũ ha morotĩ.
9498729	The cup is black and white.	10806881	Pe kagua hũ ha imorotĩ.
10238427	The photograph is black and white.	10806883	Pe ta'anga hína hũ ha imorotĩ.
241496	A black and white dog bit me.	10806885	Peteĩ jagua hũ ha morotĩ chesu'u.
257441	I have a black and white dog.	10806887	Areko peteĩ jagua hũ ha morotĩ.
282598	We have a black and white dog.	10806892	Jareko peteĩ jagua hũ ha morotĩ.
282598	We have a black and white dog.	10806893	Roreko peteĩ jagua hũ ha morotĩ.
2281780	We don't have a dog.	10806932	Ndajarekói peteĩ jagua.
2281780	We don't have a dog.	10806934	Ndororekói peteĩ jagua.
2281780	We don't have a dog.	10806935	Ndajarekói jagua.
2281780	We don't have a dog.	10806936	Ndajaguerekói jagua.
2281780	We don't have a dog.	10806937	Ndoroguerekói jagua.
10569231	Be careful not to get her pregnant.	10810600	Aníkena nde rembohyeguasu ichupe.
10569231	Be careful not to get her pregnant.	10810601	Eñeñangarekóke ani hag̃ua rembohyeguasu chupe.
5769082	How does gravity work?	10813031	Mba'éichapa oiko pe mbaretepyte?
5769082	How does gravity work?	10813033	Mba'éichapa omba'apo pe mbaretepyta?
8543297	Can we create artificial gravity?	10813038	Ikatu piko jajapo pe mbaretepyte ava japopyre?
8592741	Don't forget about gravity.	10813040	Ani nderesarái mbaretepytégui.
7384698	She carried her son on her back.	10813205	Oguerahákuri ijatukupére imembýpe.
307721	They love each other.	10813227	Ojohayhu hikuái.
307721	They love each other.	10813228	Ojohayhu.
307721	They love each other.	10813229	Ojohayhuite hikuái.
307721	They love each other.	10813230	Ha'ekuéra ojohayhu.
305561	They helped each other.	10813232	Oñoipytyvõkuri hikuái.
305561	They helped each other.	10813233	Ha'ekuéra oñoipytyvõkuri.
305561	They helped each other.	10813234	Ha'ekuéra oñoipytyvõ.
4499333	They help each other.	10813236	Oñoipytyvõ.
4499333	They help each other.	10813238	Oñoipytyvõ hikuái.
4499333	They help each other.	10813234	Ha'ekuéra oñoipytyvõ.
2683662	They often help each other.	10813244	Py'ỹinte oñoipytyvõ hikuái.
2683662	They often help each other.	10813245	Ha'ekuéra py'ỹinte oñoipytyvõ.
9770877	They are helping each other.	10813246	Oñoipytyvõ hína hikuái.
9770877	They are helping each other.	10813247	Ha'ekuéra oñoipytyvõ hína.
7111880	I told my children they should help each other.	10813248	Ha'e che membykuérape oñoipytyvõ va'erãha.
7111880	I told my children they should help each other.	10813249	Ha'e che ra'ykuérape oñoipytyvõ va'erãha.
9054959	Do they know each other?	10813250	Ojoikuaa piko hikuái?
9054959	Do they know each other?	10813251	Ha'ekuéra piko ojoikuaa?
3962574	Did they already know each other?	10813252	Ojoikuaáma piko hikuái?
3962574	Did they already know each other?	10813255	Ha'ekuéra piko ojoikuaáma?
2119992	Ghosts really exist?	10813256	Añetete piko póra?
10333884	Tom ghosted me.	10813257	Tom ogue chehegui.
707444	I believe in ghosts.	10813259	Aguerovia oĩha póra.
1488471	Tom saw a ghost.	10813260	Tom ohechákuri peteĩ póra.
1488471	Tom saw a ghost.	10813261	Tom ohecha póra.
709242	Praise be to Buddha.	10813272	Toñemomba'e guasu Vúda.
1819139	Praise be to God!	10813273	Toñemomba'e guasu Ñandejára!
1870704	Praise be to Allah!	10813274	Toñemomba'e guasu Ala!
7775982	He knows.	10813279	Oikuaa.
7775982	He knows.	10813280	Ha'e oikuaa.
5006944	She knows.	10813279	Oikuaa.
5006944	She knows.	10813280	Ha'e oikuaa.
2206495	She knows everything.	10813281	Ha'e oikuaapa.
2206495	She knows everything.	10813282	Oikuaapa.
984596	He knows everything.	10813282	Oikuaapa.
984596	He knows everything.	10813281	Ha'e oikuaapa.
643271	He thinks he knows everything.	10813283	Oimo'ã oikuaapaha.
2650190	I want to see!	10813284	Ahechase!
2650190	I want to see!	10813285	Ahechaséko!
2650190	I want to see!	10813286	Che ahechase!
257078	I want to see you.	10813287	Rohechase.
257078	I want to see you.	10813288	Che rohechase.
1598343	I want to see everything!	10813289	Ahechasepa!
1598343	I want to see everything!	10813290	Ahechasepaite!
1598343	I want to see everything!	10813291	Ahechasepaitéko!
1598343	I want to see everything!	10813292	Che ahechasepa!
1873133	I want to see them!	10813293	Ahechase chupekuéra!
1883059	I want to see him.	10813294	Ahechase chupe.
1883060	I want to see her.	10813294	Ahechase chupe.
2011421	I want to see more.	10813295	Ahechaseve.
2011421	I want to see more.	10813296	Che ahechaseve.
1977717	I want to go.	3506237	Ahase.
1977717	I want to go.	10813297	Che ahase.
2011299	I wanted to go.	10813298	Ahasékuri.
2011299	I wanted to go.	10813299	Che ahasékuri.
21938	I want to go abroad.	10813300	Ahase ambue tetãme.
29011	I wanted to go there.	10813301	Pépe ahasékuri.
29011	I wanted to go there.	10813302	Che ahasékuri upépe.
256506	I want to go home.	10813303	Ahase che rógape.
1887891	I want to go back.	10813304	Ahase jey.
1887891	I want to go back.	10813305	Che ahase jey.
2011673	I want to go swimming.	10813306	Ahase ayta.
2853143	I don't want to.	10813307	Ndaipotái.
2853143	I don't want to.	10813308	Che ndaipotái.
7727238	I don't want to!	10813309	Ndaipotáiko!
7727238	I don't want to!	10813310	Ndaipotái!
332180	I don't want to work.	10813311	Namba'aposéi.
332180	I don't want to work.	10813312	Che namba'aposéi.
1654335	I don't want to die!	10813313	Namanoséiko!
1654335	I don't want to die!	10813314	Namanoséi!
1657748	I don't want to live.	10813315	Ndaikoveséi.
1670000	I don't want to know.	10813316	Ndaikuaaséi.
1670000	I don't want to know.	10813317	Che ndaikuaaséi.
1841684	I don't want to go.	10813318	Ndahaséi.
1841684	I don't want to go.	10813319	Che ndahaséi.
1943873	Stop. I don't want to.	10813320	Anivéna. Ndaipotái.
1981493	No, I don't want to.	10813321	Nahániri, ndaipotái.
2011481	I don't want to die.	10813322	Namanoséi.
2011481	I don't want to die.	10813323	Che namoséi.
2011551	I don't want to look.	10813324	Ndahechaséi.
2011551	I don't want to look.	10813325	Che ndahechaséi.
2011554	I don't want to rest.	10813327	Ndapytu'uséi.
2011650	I don't want to shout.	10813328	Ndasapukaiséi.
2011650	I don't want to shout.	10813329	Che ndasapukaiséi.
2011758	I don't want to forget.	10813330	Ndacheresaraiséi.
2011758	I don't want to forget.	10813331	Che ndacheresaraiséi.
2012073	I don't want to wait.	10813332	Naha'arõséi.
2012073	I don't want to wait.	10813333	Che naha'arõséi.
2033080	I don't want to quit.	10813334	Ndahejaséi che rembiapo.
2275762	I don't want to sleep.	10813335	Ndakeséi.
2275762	I don't want to sleep.	10813336	Che ndakeséi.
250799	Listen to me carefully.	10814832	Cherendu porãke.
8217933	I am buying a house.	10814842	Ajogua hína che rogarã.
2883401	The classified documents were hidden.	10815125	Oñemi umi kuatia ñongatupyre.
6071466	Tom told me he didn't know how to do that.	10815144	Tom he'i chéve ndoikuaaiha mba'éichapa ojejapo upéva.
2958260	Tom swam yesterday.	10820102	Tom oyta kuehe.
2958263	Tom swims every other day.	10820104	Tom oyta mokõi-kõi ára.
2958269	Tom taught me how to swim.	10820109	Tom chembo'e ayta hag̃ua.
2958271	Tom thinks he might have the answer.	10820111	Tom oimo'ã ikatuha orekóma pe ñembohovairã.
2958276	Tom thought something was wrong with his car.	10820116	Tom oimo'ã oĩha mba'e naiporãiva imba'yrumýipe.
2958276	Tom thought something was wrong with his car.	10820120	Hi'ã Tom-pe oĩha peteĩ mba'e naiporãiva imba'yruguatápe.
2958279	Tom threatened Mary with a knife.	10820126	Tom omondýi Mary-pe peteĩ kyse reheve.
2958278	Tom threatened Mary with a gun.	10820127	Tom omondýi Mary-pe peteĩ mboka reheve.
2958281	Tom threatened Mary with his gun.	10820128	Tom omondýi Mary-pe imboka reheve.
25175	Something may have happened to him.	10820129	Ikatu ojehu ichupe peteĩ mba'e.
25176	Something bad's going to happen.	10820131	Ojehupota hína mba'e vai.
25176	Something bad's going to happen.	10820132	Ojehútama hína mba'e ivaíva.
25178	I feel like eating something sweet.	10820173	Añeñandu ha'úicha peteĩ mba'e he'ẽva.
25179	I want something sweet to eat.	10820178	Ha'use peteĩ mba'e he'ẽva.
25183	Do you hear any sound?	10823845	Rehendu piko peteĩ mba'e?
25183	Do you hear any sound?	10823848	Rehendúpa peteĩ mba'e?
25183	Do you hear any sound?	10823849	Pehendu piko peteĩ mba'e?
25184	Please give me something to drink.	10823855	Eme'ẽmíkena chéve che ha'umirã.
25184	Please give me something to drink.	10823856	Eme'ẽmíkena chéve che hay'urã.
25185	Give me something to drink.	10823858	Eme'ẽ chéve che ha'umirã.
25185	Give me something to drink.	10823859	Eme'ẽ chéve che hay'urã.
314958	She is about to leave.	10824279	Osẽmbota.
314958	She is about to leave.	10824280	Ha'e osẽmbota voi.
449813	He is about to leave.	10824279	Osẽmbota.
449813	He is about to leave.	10824280	Ha'e osẽmbota voi.
1025118	Tom is about to leave.	10824281	Tom osẽmbota.
1025118	Tom is about to leave.	10824282	Tom osẽmbota voi.
1829475	She is about to die.	10824283	Omanopota.
1829475	She is about to die.	10824284	Omanopota voi.
1829475	She is about to die.	10824285	Ha'e omanopota voi.
1829476	He is about to die.	10824283	Omanopota.
1829476	He is about to die.	10824284	Omanopota voi.
1829476	He is about to die.	10824285	Ha'e omanopota voi.
1868235	Tom is about to go.	10824286	Tom ohopota.
1868235	Tom is about to go.	10824287	Tom ohopota voi.
2547004	Tom is about to speak.	10824290	Tom oñe'ẽmbota.
2547004	Tom is about to speak.	10824291	Tom oñe'ẽmbota voi.
2547005	Tom is about to begin.	10824292	Tom oñepyrũmbota.
2547005	Tom is about to begin.	10824293	Tom oñepyrũmbota voi.
2821656	Tom is about to die.	10824294	Tom omanopota.
2821656	Tom is about to die.	10824295	Tom omanopota voi.
6357562	Tom is about to sing.	10824296	Tom opuraheipota.
6357562	Tom is about to sing.	10824297	Tom opuraheipota voi.
6357906	Tom is about to cry.	10824298	Tom hasẽmbota.
6357906	Tom is about to cry.	10824299	Tom hasẽmbota voi.
8255972	Everything is about to change.	10824300	Opamba'e iñambuepapota.
8255972	Everything is about to change.	10824301	Iñambuepátama voi.
10058278	Spring is about to arrive.	10824302	Arapoty oguahẽmbota.
10058278	Spring is about to arrive.	10824303	Arapoty oguahẽmbota voi.
25119	Something terrible is about to happen.	10824304	Ojehupota peteĩ mba'e ivaietéva.
241631	The sun is about to sink.	10824305	Kuarahy oguejypota.
275065	The sun is about to rise.	10824306	Kuarahy opu'ãmbota.
275087	The sun is about to set.	10824309	Oikéta voi kuarahy.
275087	The sun is about to set.	10824310	Kuarahy oikepota voi.
275087	The sun is about to set.	10824311	Kuarahy oikepota.
275087	The sun is about to set.	10824312	Kuarahy oikétama voi.
1122556	Her husband is about to die.	10824325	Iména omanopota.
1122556	Her husband is about to die.	10824326	Omanopota voi iména.
1552995	She is about to kill me.	10824327	Chejukapota voi.
1552995	She is about to kill me.	10824328	Ha'e chejukapota.
1552995	She is about to kill me.	10824329	Chejukátama voi.
2544031	The game is about to begin.	10824330	Ñembosarái oñepyrũmbota.
5687169	He is about to fall sleep.	10824331	Okepota voi.
5687169	He is about to fall sleep.	10824333	Ha'e okétama voi.
5850819	The movie is about to start.	10824335	Ta'angamýi oñepyrũmbota.
5850819	The movie is about to start.	10824336	Oñepyrũtama voi pe ta'angamýi.
5923950	The branch is about to break.	10824337	Ojekapota pe yvyra rakã.
5923950	The branch is about to break.	10824339	Ojekátama voi pe yvyra rakã.
5961652	The roof is about to collapse.	10824340	Ho'apota pe óga ahoja.
5961652	The roof is about to collapse.	10824341	Ho'átama voi pe óga ahoja.
6098897	Mary is about to give birth.	10824343	Mary omomembypota.
8334403	I never received one.	10824346	Araka'eve oñeme'ẽ chéve peteĩ.
2376708	I know you're writing a book.	10824375	Aikuaa rehaiha peteĩ aranduka.
2376709	I know you've been trying to help.	10824376	Aikuaa reñeha'ã hague reipytyvõ.
2376710	I know you've been worried about Tom.	10824377	Che aikuaa rejepy'apy hague Tom rehe.
2376711	I know you've got a gun.	10824378	Che aikuaa reguerekoha peteĩ mboka.
2376712	I know you've got more important things to do.	10824379	Aikuaa reguerekoha umi mba'e tuichaitevéva rejapova'erã.
2376714	I know you've spent the last three years in prison.	10824380	Aikuaa rehasa hague ko'ã mbohapy ary ka'irãime.
2376716	I know your feelings are hurt.	10824381	Che aikuaa ne remiandu hasyha.
2376716	I know your feelings are hurt.	10824382	Aikuaa ne remiandu hasyha.
2376717	I know your problem.	10824383	Che aikuaa ne apañuái.
2376719	I know your time is valuable, but could I ask you just one question?	10824384	Aikuaa hepyiteha nde ára, hákatu ikatúpa aporandu ndéve peteĩ mba'énte?
2376781	Either skillful or lazy. But not both.	10824385	Taha'e katupyry térã ate'ỹ. Hákatu ndaha'éi mokõivéva.
2376963	Long time ago there was a great king in that country.	10824386	Ymaite oĩ peteĩ mburuvicha guasu ituicháva upe tetãme.
